{"cameraMode":{"drawMode":0,"name":"Shaded","section":"Shading Mode"},"sceneLighting":true,"audioPlay":false,"sceneViewState":{"showFog":false,"showMaterialUpdate":false,"showSkybox":false,"showFlares":false,"showImageEffects":true,"showParticleSystems":true},"in2DMode":false,"pivot":{"x":-58.5797004699707,"y":11.183832168579102,"z":-13.185808181762696},"rotation":{"x":-0.6167956590652466,"y":-0.06659553200006485,"z":0.052483368664979938,"w":-0.7825430631637573},"size":212.77508544921876,"orthographic":false}
