{"cameraMode":{"drawMode":0,"name":"Shaded","section":"Shading Mode"},"sceneLighting":true,"audioPlay":false,"sceneViewState":{"showFog":false,"showMaterialUpdate":false,"showSkybox":false,"showFlares":false,"showImageEffects":true,"showParticleSystems":true},"in2DMode":false,"pivot":{"x":-7.014655113220215,"y":40.97618103027344,"z":0.2836580276489258},"rotation":{"x":-0.15412749350070954,"y":-0.6739067435264587,"z":0.1468116044998169,"w":-0.7074891328811646},"size":162.32955932617188,"orthographic":false}