{"cameraMode":{"drawMode":0,"name":"Shaded","section":"Shading Mode"},"sceneLighting":true,"audioPlay":false,"sceneViewState":{"showFog":false,"showMaterialUpdate":false,"showSkybox":false,"showFlares":false,"showImageEffects":true,"showParticleSystems":true},"in2DMode":false,"pivot":{"x":0.296570360660553,"y":22.094226837158204,"z":0.4651455581188202},"rotation":{"x":0.027576547116041185,"y":0.897218644618988,"z":-0.0565977543592453,"w":0.43707555532455447},"size":105.87383270263672,"orthographic":false}