{"cameraMode":{"drawMode":0,"name":"Shaded","section":"Shading Mode"},"sceneLighting":true,"audioPlay":false,"sceneViewState":{"showFog":false,"showMaterialUpdate":false,"showSkybox":false,"showFlares":false,"showImageEffects":true,"showParticleSystems":true},"in2DMode":false,"pivot":{"x":3395.95263671875,"y":1727.44873046875,"z":-742.0250854492188},"rotation":{"x":-0.0016363649629056454,"y":-0.9579418897628784,"z":0.2869056761264801,"w":-0.005463872570544481},"size":7242.9111328125,"orthographic":false}